Unnamed: 0,image_path,pred_prob,pred_class,time_for_pred
0,/Users/malcolm/dev/bossjones/pytorch-lab/scratch/datasets/twitter_facebook_tiktok/test/facebook/image00787.jpg,0.9999,facebook,0.0843
0,/Users/malcolm/dev/bossjones/pytorch-lab/scratch/datasets/twitter_facebook_tiktok/test/facebook/image00787.jpg,0.9999,facebook,0.083
0,/Users/malcolm/dev/bossjones/pytorch-lab/scratch/datasets/twitter_facebook_tiktok/test/facebook/image00821.jpg,0.9993,facebook,0.1016
0,/Users/malcolm/dev/bossjones/pytorch-lab/scratch/datasets/twitter_facebook_tiktok/test/facebook/image00803.jpg,0.9993,facebook,0.0941
0,/Users/malcolm/dev/bossjones/pytorch-lab/scratch/datasets/twitter_facebook_tiktok/test/facebook/image00821.jpg,0.9993,facebook,0.0892
0,/Users/malcolm/dev/bossjones/pytorch-lab/scratch/datasets/twitter_facebook_tiktok/test/facebook/image00803.jpg,0.9993,facebook,0.0821
0,/Users/malcolm/dev/bossjones/pytorch-lab/scratch/datasets/twitter_facebook_tiktok/test/facebook/image00855.jpg,0.9993,facebook,0.0815
0,/Users/malcolm/dev/bossjones/pytorch-lab/scratch/datasets/twitter_facebook_tiktok/test/facebook/image00855.jpg,0.9993,facebook,0.08
0,/Users/malcolm/dev/bossjones/pytorch-lab/scratch/datasets/twitter_facebook_tiktok/test/facebook/image00884.jpg,0.9989,facebook,0.0979
0,/Users/malcolm/dev/bossjones/pytorch-lab/scratch/datasets/twitter_facebook_tiktok/test/facebook/image00884.jpg,0.9989,facebook,0.0795
0,/Users/malcolm/dev/bossjones/pytorch-lab/scratch/datasets/twitter_facebook_tiktok/test/facebook/image00788.jpg,0.9989,facebook,0.1043
0,/Users/malcolm/dev/bossjones/pytorch-lab/scratch/datasets/twitter_facebook_tiktok/test/facebook/image00788.jpg,0.9989,facebook,0.0844
0,/Users/malcolm/dev/bossjones/pytorch-lab/scratch/datasets/twitter_facebook_tiktok/test/facebook/image00863.jpg,0.9988,facebook,0.0848
0,/Users/malcolm/dev/bossjones/pytorch-lab/scratch/datasets/twitter_facebook_tiktok/test/facebook/image00863.jpg,0.9988,facebook,0.0908
0,/Users/malcolm/dev/bossjones/pytorch-lab/scratch/datasets/twitter_facebook_tiktok/test/facebook/image00808.jpg,0.9985,facebook,0.0819
0,/Users/malcolm/dev/bossjones/pytorch-lab/scratch/datasets/twitter_facebook_tiktok/test/facebook/image00808.jpg,0.9985,facebook,0.0941
0,/Users/malcolm/dev/bossjones/pytorch-lab/scratch/datasets/twitter_facebook_tiktok/test/facebook/image00856.jpg,0.9985,facebook,0.0923
0,/Users/malcolm/dev/bossjones/pytorch-lab/scratch/datasets/twitter_facebook_tiktok/test/facebook/image00856.jpg,0.9985,facebook,0.0824
0,/Users/malcolm/dev/bossjones/pytorch-lab/scratch/datasets/twitter_facebook_tiktok/test/facebook/image00853.jpg,0.9983,facebook,0.1037
0,/Users/malcolm/dev/bossjones/pytorch-lab/scratch/datasets/twitter_facebook_tiktok/test/facebook/image00853.jpg,0.9983,facebook,0.0918
0,/Users/malcolm/dev/bossjones/pytorch-lab/scratch/datasets/twitter_facebook_tiktok/test/facebook/image00872.jpg,0.9982,facebook,0.0825
0,/Users/malcolm/dev/bossjones/pytorch-lab/scratch/datasets/twitter_facebook_tiktok/test/facebook/image00872.jpg,0.9982,facebook,0.0839
0,/Users/malcolm/dev/bossjones/pytorch-lab/scratch/datasets/twitter_facebook_tiktok/test/facebook/image00843.jpg,0.9981,facebook,0.0893
0,/Users/malcolm/dev/bossjones/pytorch-lab/scratch/datasets/twitter_facebook_tiktok/test/facebook/image00843.jpg,0.9981,facebook,0.0839
0,/Users/malcolm/dev/bossjones/pytorch-lab/scratch/datasets/twitter_facebook_tiktok/test/facebook/image00857.jpg,0.9981,facebook,0.0995
0,/Users/malcolm/dev/bossjones/pytorch-lab/scratch/datasets/twitter_facebook_tiktok/test/facebook/image00857.jpg,0.9981,facebook,0.0847
0,/Users/malcolm/dev/bossjones/pytorch-lab/scratch/datasets/twitter_facebook_tiktok/test/facebook/image00867.jpg,0.9977,facebook,0.0947
0,/Users/malcolm/dev/bossjones/pytorch-lab/scratch/datasets/twitter_facebook_tiktok/test/facebook/image00886.jpg,0.9977,facebook,0.0814
0,/Users/malcolm/dev/bossjones/pytorch-lab/scratch/datasets/twitter_facebook_tiktok/test/facebook/image00867.jpg,0.9977,facebook,0.0885
0,/Users/malcolm/dev/bossjones/pytorch-lab/scratch/datasets/twitter_facebook_tiktok/test/facebook/image00886.jpg,0.9977,facebook,0.0927
0,/Users/malcolm/dev/bossjones/pytorch-lab/scratch/datasets/twitter_facebook_tiktok/test/facebook/image00806.jpg,0.9975,facebook,0.0874
0,/Users/malcolm/dev/bossjones/pytorch-lab/scratch/datasets/twitter_facebook_tiktok/test/facebook/image00806.jpg,0.9975,facebook,0.0867
0,/Users/malcolm/dev/bossjones/pytorch-lab/scratch/datasets/twitter_facebook_tiktok/test/facebook/image00792.jpg,0.9974,facebook,0.0892
0,/Users/malcolm/dev/bossjones/pytorch-lab/scratch/datasets/twitter_facebook_tiktok/test/facebook/image00792.jpg,0.9974,facebook,0.0846
0,/Users/malcolm/dev/bossjones/pytorch-lab/scratch/datasets/twitter_facebook_tiktok/test/facebook/image00783.jpg,0.997,facebook,0.0874
0,/Users/malcolm/dev/bossjones/pytorch-lab/scratch/datasets/twitter_facebook_tiktok/test/facebook/image00852.jpg,0.997,facebook,0.0899
0,/Users/malcolm/dev/bossjones/pytorch-lab/scratch/datasets/twitter_facebook_tiktok/test/facebook/image00852.jpg,0.997,facebook,0.0937
0,/Users/malcolm/dev/bossjones/pytorch-lab/scratch/datasets/twitter_facebook_tiktok/test/facebook/image00783.jpg,0.997,facebook,0.0874
0,/Users/malcolm/dev/bossjones/pytorch-lab/scratch/datasets/twitter_facebook_tiktok/test/facebook/image00822.jpg,0.9969,facebook,0.0831
0,/Users/malcolm/dev/bossjones/pytorch-lab/scratch/datasets/twitter_facebook_tiktok/test/facebook/image00822.jpg,0.9969,facebook,0.0932
0,/Users/malcolm/dev/bossjones/pytorch-lab/scratch/datasets/twitter_facebook_tiktok/test/facebook/image00848.jpg,0.9969,facebook,0.0797
0,/Users/malcolm/dev/bossjones/pytorch-lab/scratch/datasets/twitter_facebook_tiktok/test/facebook/image00848.jpg,0.9969,facebook,0.087
0,/Users/malcolm/dev/bossjones/pytorch-lab/scratch/datasets/twitter_facebook_tiktok/test/facebook/image00804.jpg,0.9965,facebook,0.0988
0,/Users/malcolm/dev/bossjones/pytorch-lab/scratch/datasets/twitter_facebook_tiktok/test/facebook/image00804.jpg,0.9965,facebook,0.0982
0,/Users/malcolm/dev/bossjones/pytorch-lab/scratch/datasets/twitter_facebook_tiktok/test/tiktok/image00333.jpg,0.9965,tiktok,0.1167
0,/Users/malcolm/dev/bossjones/pytorch-lab/scratch/datasets/twitter_facebook_tiktok/test/tiktok/image00333.jpg,0.9965,tiktok,0.1143
0,/Users/malcolm/dev/bossjones/pytorch-lab/scratch/datasets/twitter_facebook_tiktok/test/facebook/image00825.jpg,0.9963,facebook,0.094
0,/Users/malcolm/dev/bossjones/pytorch-lab/scratch/datasets/twitter_facebook_tiktok/test/facebook/image00825.jpg,0.9963,facebook,0.0894
0,/Users/malcolm/dev/bossjones/pytorch-lab/scratch/datasets/twitter_facebook_tiktok/test/facebook/image00802.jpg,0.9961,facebook,0.0857
0,/Users/malcolm/dev/bossjones/pytorch-lab/scratch/datasets/twitter_facebook_tiktok/test/facebook/image00802.jpg,0.9961,facebook,0.0938
0,/Users/malcolm/dev/bossjones/pytorch-lab/scratch/datasets/twitter_facebook_tiktok/test/facebook/image00880.jpg,0.9959,facebook,0.0953
0,/Users/malcolm/dev/bossjones/pytorch-lab/scratch/datasets/twitter_facebook_tiktok/test/facebook/image00880.jpg,0.9959,facebook,0.0844
0,/Users/malcolm/dev/bossjones/pytorch-lab/scratch/datasets/twitter_facebook_tiktok/test/facebook/image00840.jpg,0.9952,facebook,0.0823
0,/Users/malcolm/dev/bossjones/pytorch-lab/scratch/datasets/twitter_facebook_tiktok/test/facebook/image00840.jpg,0.9952,facebook,0.0942
0,/Users/malcolm/dev/bossjones/pytorch-lab/scratch/datasets/twitter_facebook_tiktok/test/tiktok/image00304.jpg,0.9952,tiktok,0.0741
0,/Users/malcolm/dev/bossjones/pytorch-lab/scratch/datasets/twitter_facebook_tiktok/test/tiktok/image00304.jpg,0.9952,tiktok,0.0712
0,/Users/malcolm/dev/bossjones/pytorch-lab/scratch/datasets/twitter_facebook_tiktok/test/facebook/image00831.jpg,0.9946,facebook,0.0845
0,/Users/malcolm/dev/bossjones/pytorch-lab/scratch/datasets/twitter_facebook_tiktok/test/facebook/image00831.jpg,0.9946,facebook,0.0798
0,/Users/malcolm/dev/bossjones/pytorch-lab/scratch/datasets/twitter_facebook_tiktok/test/tiktok/image00306.jpg,0.9944,tiktok,0.0727
0,/Users/malcolm/dev/bossjones/pytorch-lab/scratch/datasets/twitter_facebook_tiktok/test/tiktok/image00306.jpg,0.9944,tiktok,0.0868
0,/Users/malcolm/dev/bossjones/pytorch-lab/scratch/datasets/twitter_facebook_tiktok/test/tiktok/image00343.jpg,0.9941,tiktok,0.0705
0,/Users/malcolm/dev/bossjones/pytorch-lab/scratch/datasets/twitter_facebook_tiktok/test/facebook/image00794.jpg,0.9941,facebook,0.1014
0,/Users/malcolm/dev/bossjones/pytorch-lab/scratch/datasets/twitter_facebook_tiktok/test/facebook/image00794.jpg,0.9941,facebook,0.1042
0,/Users/malcolm/dev/bossjones/pytorch-lab/scratch/datasets/twitter_facebook_tiktok/test/tiktok/image00343.jpg,0.9941,tiktok,0.0761
0,/Users/malcolm/dev/bossjones/pytorch-lab/scratch/datasets/twitter_facebook_tiktok/test/facebook/image00834.jpg,0.9936,facebook,0.0839
0,/Users/malcolm/dev/bossjones/pytorch-lab/scratch/datasets/twitter_facebook_tiktok/test/facebook/image00816.jpg,0.9936,facebook,0.0949
0,/Users/malcolm/dev/bossjones/pytorch-lab/scratch/datasets/twitter_facebook_tiktok/test/facebook/image00816.jpg,0.9936,facebook,0.092
0,/Users/malcolm/dev/bossjones/pytorch-lab/scratch/datasets/twitter_facebook_tiktok/test/facebook/image00834.jpg,0.9936,facebook,0.0978
0,/Users/malcolm/dev/bossjones/pytorch-lab/scratch/datasets/twitter_facebook_tiktok/test/facebook/image00805.jpg,0.9931,facebook,0.1132
0,/Users/malcolm/dev/bossjones/pytorch-lab/scratch/datasets/twitter_facebook_tiktok/test/facebook/image00807.jpg,0.9931,facebook,0.0889
0,/Users/malcolm/dev/bossjones/pytorch-lab/scratch/datasets/twitter_facebook_tiktok/test/facebook/image00807.jpg,0.9931,facebook,0.083
0,/Users/malcolm/dev/bossjones/pytorch-lab/scratch/datasets/twitter_facebook_tiktok/test/facebook/image00805.jpg,0.9931,facebook,0.0954
0,/Users/malcolm/dev/bossjones/pytorch-lab/scratch/datasets/twitter_facebook_tiktok/test/facebook/image00860.jpg,0.9929,facebook,0.0846
0,/Users/malcolm/dev/bossjones/pytorch-lab/scratch/datasets/twitter_facebook_tiktok/test/facebook/image00860.jpg,0.9929,facebook,0.0967
0,/Users/malcolm/dev/bossjones/pytorch-lab/scratch/datasets/twitter_facebook_tiktok/test/facebook/image00850.jpg,0.9923,facebook,0.091
0,/Users/malcolm/dev/bossjones/pytorch-lab/scratch/datasets/twitter_facebook_tiktok/test/facebook/image00850.jpg,0.9923,facebook,0.0823
0,/Users/malcolm/dev/bossjones/pytorch-lab/scratch/datasets/twitter_facebook_tiktok/test/facebook/image00793.jpg,0.9921,facebook,0.0826
0,/Users/malcolm/dev/bossjones/pytorch-lab/scratch/datasets/twitter_facebook_tiktok/test/facebook/image00793.jpg,0.9921,facebook,0.0973
0,/Users/malcolm/dev/bossjones/pytorch-lab/scratch/datasets/twitter_facebook_tiktok/test/facebook/image00815.jpg,0.9915,facebook,0.0873
0,/Users/malcolm/dev/bossjones/pytorch-lab/scratch/datasets/twitter_facebook_tiktok/test/facebook/image00815.jpg,0.9915,facebook,0.0974
0,/Users/malcolm/dev/bossjones/pytorch-lab/scratch/datasets/twitter_facebook_tiktok/test/facebook/image00811.jpg,0.9913,facebook,0.1052
0,/Users/malcolm/dev/bossjones/pytorch-lab/scratch/datasets/twitter_facebook_tiktok/test/facebook/image00811.jpg,0.9913,facebook,0.0815
0,/Users/malcolm/dev/bossjones/pytorch-lab/scratch/datasets/twitter_facebook_tiktok/test/tiktok/image00288.jpg,0.991,tiktok,0.0588
0,/Users/malcolm/dev/bossjones/pytorch-lab/scratch/datasets/twitter_facebook_tiktok/test/tiktok/image00288.jpg,0.991,tiktok,0.0568
0,/Users/malcolm/dev/bossjones/pytorch-lab/scratch/datasets/twitter_facebook_tiktok/test/facebook/image00809.jpg,0.9909,facebook,0.0861
0,/Users/malcolm/dev/bossjones/pytorch-lab/scratch/datasets/twitter_facebook_tiktok/test/facebook/image00809.jpg,0.9909,facebook,0.0836
0,/Users/malcolm/dev/bossjones/pytorch-lab/scratch/datasets/twitter_facebook_tiktok/test/facebook/image00786.jpg,0.9907,facebook,0.0888
0,/Users/malcolm/dev/bossjones/pytorch-lab/scratch/datasets/twitter_facebook_tiktok/test/tiktok/image00293.jpg,0.9907,tiktok,0.0725
0,/Users/malcolm/dev/bossjones/pytorch-lab/scratch/datasets/twitter_facebook_tiktok/test/facebook/image00786.jpg,0.9907,facebook,0.0826
0,/Users/malcolm/dev/bossjones/pytorch-lab/scratch/datasets/twitter_facebook_tiktok/test/tiktok/image00293.jpg,0.9907,tiktok,0.0713
0,/Users/malcolm/dev/bossjones/pytorch-lab/scratch/datasets/twitter_facebook_tiktok/test/facebook/image00869.jpg,0.9905,facebook,0.0913
0,/Users/malcolm/dev/bossjones/pytorch-lab/scratch/datasets/twitter_facebook_tiktok/test/facebook/image00869.jpg,0.9905,facebook,0.0958
0,/Users/malcolm/dev/bossjones/pytorch-lab/scratch/datasets/twitter_facebook_tiktok/test/facebook/image00836.jpg,0.9904,facebook,0.0877
0,/Users/malcolm/dev/bossjones/pytorch-lab/scratch/datasets/twitter_facebook_tiktok/test/facebook/image00836.jpg,0.9904,facebook,0.115
0,/Users/malcolm/dev/bossjones/pytorch-lab/scratch/datasets/twitter_facebook_tiktok/test/facebook/image00885.jpg,0.9899,facebook,0.0894
0,/Users/malcolm/dev/bossjones/pytorch-lab/scratch/datasets/twitter_facebook_tiktok/test/facebook/image00782.jpg,0.9899,facebook,0.0912
0,/Users/malcolm/dev/bossjones/pytorch-lab/scratch/datasets/twitter_facebook_tiktok/test/facebook/image00885.jpg,0.9899,facebook,0.089
0,/Users/malcolm/dev/bossjones/pytorch-lab/scratch/datasets/twitter_facebook_tiktok/test/facebook/image00782.jpg,0.9899,facebook,0.0811
0,/Users/malcolm/dev/bossjones/pytorch-lab/scratch/datasets/twitter_facebook_tiktok/test/facebook/image00798.jpg,0.9897,facebook,0.1105
0,/Users/malcolm/dev/bossjones/pytorch-lab/scratch/datasets/twitter_facebook_tiktok/test/facebook/image00798.jpg,0.9897,facebook,0.0867
0,/Users/malcolm/dev/bossjones/pytorch-lab/scratch/datasets/twitter_facebook_tiktok/test/facebook/image00795.jpg,0.9894,facebook,0.0785
0,/Users/malcolm/dev/bossjones/pytorch-lab/scratch/datasets/twitter_facebook_tiktok/test/facebook/image00795.jpg,0.9894,facebook,0.0807
0,/Users/malcolm/dev/bossjones/pytorch-lab/scratch/datasets/twitter_facebook_tiktok/test/facebook/image00829.jpg,0.9892,facebook,0.0855
0,/Users/malcolm/dev/bossjones/pytorch-lab/scratch/datasets/twitter_facebook_tiktok/test/facebook/image00829.jpg,0.9892,facebook,0.0884
0,/Users/malcolm/dev/bossjones/pytorch-lab/scratch/datasets/twitter_facebook_tiktok/test/facebook/image00784.jpg,0.9891,facebook,0.0828
0,/Users/malcolm/dev/bossjones/pytorch-lab/scratch/datasets/twitter_facebook_tiktok/test/facebook/image00844.jpg,0.9891,facebook,0.1016
0,/Users/malcolm/dev/bossjones/pytorch-lab/scratch/datasets/twitter_facebook_tiktok/test/facebook/image00784.jpg,0.9891,facebook,0.0969
0,/Users/malcolm/dev/bossjones/pytorch-lab/scratch/datasets/twitter_facebook_tiktok/test/facebook/image00844.jpg,0.9891,facebook,0.0885
0,/Users/malcolm/dev/bossjones/pytorch-lab/scratch/datasets/twitter_facebook_tiktok/test/facebook/image00878.jpg,0.989,facebook,0.0872
0,/Users/malcolm/dev/bossjones/pytorch-lab/scratch/datasets/twitter_facebook_tiktok/test/facebook/image00878.jpg,0.989,facebook,0.0844
0,/Users/malcolm/dev/bossjones/pytorch-lab/scratch/datasets/twitter_facebook_tiktok/test/tiktok/image00299.jpg,0.9886,tiktok,0.0735
0,/Users/malcolm/dev/bossjones/pytorch-lab/scratch/datasets/twitter_facebook_tiktok/test/tiktok/image00299.jpg,0.9886,tiktok,0.0752
0,/Users/malcolm/dev/bossjones/pytorch-lab/scratch/datasets/twitter_facebook_tiktok/test/facebook/image00865.jpg,0.9883,facebook,0.0836
0,/Users/malcolm/dev/bossjones/pytorch-lab/scratch/datasets/twitter_facebook_tiktok/test/facebook/image00865.jpg,0.9883,facebook,0.088
0,/Users/malcolm/dev/bossjones/pytorch-lab/scratch/datasets/twitter_facebook_tiktok/test/twitter/image01097.jpg,0.9883,twitter,0.0765
0,/Users/malcolm/dev/bossjones/pytorch-lab/scratch/datasets/twitter_facebook_tiktok/test/twitter/image01097.jpg,0.9883,twitter,0.0703
0,/Users/malcolm/dev/bossjones/pytorch-lab/scratch/datasets/twitter_facebook_tiktok/test/facebook/image00881.jpg,0.9877,facebook,0.1079
0,/Users/malcolm/dev/bossjones/pytorch-lab/scratch/datasets/twitter_facebook_tiktok/test/facebook/image00881.jpg,0.9877,facebook,0.0776
0,/Users/malcolm/dev/bossjones/pytorch-lab/scratch/datasets/twitter_facebook_tiktok/test/tiktok/image00303.jpg,0.9876,tiktok,0.0746
0,/Users/malcolm/dev/bossjones/pytorch-lab/scratch/datasets/twitter_facebook_tiktok/test/tiktok/image00303.jpg,0.9876,tiktok,0.0751
0,/Users/malcolm/dev/bossjones/pytorch-lab/scratch/datasets/twitter_facebook_tiktok/test/facebook/image00828.jpg,0.9875,facebook,0.0911
0,/Users/malcolm/dev/bossjones/pytorch-lab/scratch/datasets/twitter_facebook_tiktok/test/facebook/image00828.jpg,0.9875,facebook,0.0844
0,/Users/malcolm/dev/bossjones/pytorch-lab/scratch/datasets/twitter_facebook_tiktok/test/facebook/image00861.jpg,0.9854,facebook,0.0813
0,/Users/malcolm/dev/bossjones/pytorch-lab/scratch/datasets/twitter_facebook_tiktok/test/tiktok/image00342.jpg,0.9854,tiktok,0.0626
0,/Users/malcolm/dev/bossjones/pytorch-lab/scratch/datasets/twitter_facebook_tiktok/test/facebook/image00861.jpg,0.9854,facebook,0.0826
0,/Users/malcolm/dev/bossjones/pytorch-lab/scratch/datasets/twitter_facebook_tiktok/test/tiktok/image00342.jpg,0.9854,tiktok,0.0636
0,/Users/malcolm/dev/bossjones/pytorch-lab/scratch/datasets/twitter_facebook_tiktok/test/tiktok/image00282.jpg,0.9852,tiktok,0.058
0,/Users/malcolm/dev/bossjones/pytorch-lab/scratch/datasets/twitter_facebook_tiktok/test/tiktok/image00282.jpg,0.9852,tiktok,0.0583
0,/Users/malcolm/dev/bossjones/pytorch-lab/scratch/datasets/twitter_facebook_tiktok/test/facebook/image00799.jpg,0.9851,facebook,0.085
0,/Users/malcolm/dev/bossjones/pytorch-lab/scratch/datasets/twitter_facebook_tiktok/test/facebook/image00799.jpg,0.9851,facebook,0.0826
0,/Users/malcolm/dev/bossjones/pytorch-lab/scratch/datasets/twitter_facebook_tiktok/test/facebook/image00819.jpg,0.9843,facebook,0.0885
0,/Users/malcolm/dev/bossjones/pytorch-lab/scratch/datasets/twitter_facebook_tiktok/test/facebook/image00819.jpg,0.9843,facebook,0.0893
0,/Users/malcolm/dev/bossjones/pytorch-lab/scratch/datasets/twitter_facebook_tiktok/test/tiktok/image00319.jpg,0.9839,tiktok,0.0733
0,/Users/malcolm/dev/bossjones/pytorch-lab/scratch/datasets/twitter_facebook_tiktok/test/tiktok/image00319.jpg,0.9839,tiktok,0.0708
0,/Users/malcolm/dev/bossjones/pytorch-lab/scratch/datasets/twitter_facebook_tiktok/test/facebook/image00791.jpg,0.9836,facebook,0.082
0,/Users/malcolm/dev/bossjones/pytorch-lab/scratch/datasets/twitter_facebook_tiktok/test/facebook/image00791.jpg,0.9836,facebook,0.0836
0,/Users/malcolm/dev/bossjones/pytorch-lab/scratch/datasets/twitter_facebook_tiktok/test/facebook/image00812.jpg,0.9831,facebook,0.0885
0,/Users/malcolm/dev/bossjones/pytorch-lab/scratch/datasets/twitter_facebook_tiktok/test/facebook/image00812.jpg,0.9831,facebook,0.0847
0,/Users/malcolm/dev/bossjones/pytorch-lab/scratch/datasets/twitter_facebook_tiktok/test/twitter/image01066.jpg,0.9825,twitter,0.07
0,/Users/malcolm/dev/bossjones/pytorch-lab/scratch/datasets/twitter_facebook_tiktok/test/twitter/image01066.jpg,0.9825,twitter,0.0638
0,/Users/malcolm/dev/bossjones/pytorch-lab/scratch/datasets/twitter_facebook_tiktok/test/facebook/image00789.jpg,0.9823,facebook,0.0861
0,/Users/malcolm/dev/bossjones/pytorch-lab/scratch/datasets/twitter_facebook_tiktok/test/facebook/image00789.jpg,0.9823,facebook,0.094
0,/Users/malcolm/dev/bossjones/pytorch-lab/scratch/datasets/twitter_facebook_tiktok/test/facebook/image00790.jpg,0.9821,facebook,0.0848
0,/Users/malcolm/dev/bossjones/pytorch-lab/scratch/datasets/twitter_facebook_tiktok/test/facebook/image00871.jpg,0.9821,facebook,0.0894
0,/Users/malcolm/dev/bossjones/pytorch-lab/scratch/datasets/twitter_facebook_tiktok/test/facebook/image00790.jpg,0.9821,facebook,0.0853
0,/Users/malcolm/dev/bossjones/pytorch-lab/scratch/datasets/twitter_facebook_tiktok/test/facebook/image00871.jpg,0.9821,facebook,0.0809
0,/Users/malcolm/dev/bossjones/pytorch-lab/scratch/datasets/twitter_facebook_tiktok/test/facebook/image00858.jpg,0.982,facebook,0.083
0,/Users/malcolm/dev/bossjones/pytorch-lab/scratch/datasets/twitter_facebook_tiktok/test/facebook/image00858.jpg,0.982,facebook,0.0799
0,/Users/malcolm/dev/bossjones/pytorch-lab/scratch/datasets/twitter_facebook_tiktok/test/facebook/image00864.jpg,0.9815,facebook,0.0796
0,/Users/malcolm/dev/bossjones/pytorch-lab/scratch/datasets/twitter_facebook_tiktok/test/facebook/image00887.jpg,0.9815,facebook,0.1007
0,/Users/malcolm/dev/bossjones/pytorch-lab/scratch/datasets/twitter_facebook_tiktok/test/facebook/image00864.jpg,0.9815,facebook,0.0793
0,/Users/malcolm/dev/bossjones/pytorch-lab/scratch/datasets/twitter_facebook_tiktok/test/facebook/image00887.jpg,0.9815,facebook,0.0812
0,/Users/malcolm/dev/bossjones/pytorch-lab/scratch/datasets/twitter_facebook_tiktok/test/facebook/image00833.jpg,0.9802,facebook,0.0835
0,/Users/malcolm/dev/bossjones/pytorch-lab/scratch/datasets/twitter_facebook_tiktok/test/facebook/image00833.jpg,0.9802,facebook,0.0899
0,/Users/malcolm/dev/bossjones/pytorch-lab/scratch/datasets/twitter_facebook_tiktok/test/facebook/image00879.jpg,0.9799,facebook,0.104
0,/Users/malcolm/dev/bossjones/pytorch-lab/scratch/datasets/twitter_facebook_tiktok/test/facebook/image00879.jpg,0.9799,facebook,0.0834
0,/Users/malcolm/dev/bossjones/pytorch-lab/scratch/datasets/twitter_facebook_tiktok/test/facebook/image00835.jpg,0.9795,facebook,0.086
0,/Users/malcolm/dev/bossjones/pytorch-lab/scratch/datasets/twitter_facebook_tiktok/test/facebook/image00835.jpg,0.9795,facebook,0.0961
0,/Users/malcolm/dev/bossjones/pytorch-lab/scratch/datasets/twitter_facebook_tiktok/test/tiktok/image00328.jpg,0.9792,tiktok,0.0504
0,/Users/malcolm/dev/bossjones/pytorch-lab/scratch/datasets/twitter_facebook_tiktok/test/tiktok/image00328.jpg,0.9792,tiktok,0.0498
0,/Users/malcolm/dev/bossjones/pytorch-lab/scratch/datasets/twitter_facebook_tiktok/test/facebook/image00824.jpg,0.9791,facebook,0.0815
0,/Users/malcolm/dev/bossjones/pytorch-lab/scratch/datasets/twitter_facebook_tiktok/test/facebook/image00824.jpg,0.9791,facebook,0.086
0,/Users/malcolm/dev/bossjones/pytorch-lab/scratch/datasets/twitter_facebook_tiktok/test/twitter/image01060.jpg,0.9784,twitter,0.0755
0,/Users/malcolm/dev/bossjones/pytorch-lab/scratch/datasets/twitter_facebook_tiktok/test/twitter/image01060.jpg,0.9784,twitter,0.0708
0,/Users/malcolm/dev/bossjones/pytorch-lab/scratch/datasets/twitter_facebook_tiktok/test/tiktok/image00324.jpg,0.9775,tiktok,0.0667
0,/Users/malcolm/dev/bossjones/pytorch-lab/scratch/datasets/twitter_facebook_tiktok/test/tiktok/image00324.jpg,0.9775,tiktok,0.0631
0,/Users/malcolm/dev/bossjones/pytorch-lab/scratch/datasets/twitter_facebook_tiktok/test/facebook/image00838.jpg,0.9772,facebook,0.0865
0,/Users/malcolm/dev/bossjones/pytorch-lab/scratch/datasets/twitter_facebook_tiktok/test/facebook/image00838.jpg,0.9772,facebook,0.0833
0,/Users/malcolm/dev/bossjones/pytorch-lab/scratch/datasets/twitter_facebook_tiktok/test/tiktok/image00311.jpg,0.9769,tiktok,0.0725
0,/Users/malcolm/dev/bossjones/pytorch-lab/scratch/datasets/twitter_facebook_tiktok/test/tiktok/image00311.jpg,0.9769,tiktok,0.0708
0,/Users/malcolm/dev/bossjones/pytorch-lab/scratch/datasets/twitter_facebook_tiktok/test/tiktok/image00322.jpg,0.9766,tiktok,0.0749
0,/Users/malcolm/dev/bossjones/pytorch-lab/scratch/datasets/twitter_facebook_tiktok/test/tiktok/image00322.jpg,0.9766,tiktok,0.0776
0,/Users/malcolm/dev/bossjones/pytorch-lab/scratch/datasets/twitter_facebook_tiktok/test/tiktok/image00321.jpg,0.9762,tiktok,0.1222
0,/Users/malcolm/dev/bossjones/pytorch-lab/scratch/datasets/twitter_facebook_tiktok/test/tiktok/image00321.jpg,0.9762,tiktok,0.1134
0,/Users/malcolm/dev/bossjones/pytorch-lab/scratch/datasets/twitter_facebook_tiktok/test/tiktok/image00323.jpg,0.9758,tiktok,0.0667
0,/Users/malcolm/dev/bossjones/pytorch-lab/scratch/datasets/twitter_facebook_tiktok/test/tiktok/image00323.jpg,0.9758,tiktok,0.0693
0,/Users/malcolm/dev/bossjones/pytorch-lab/scratch/datasets/twitter_facebook_tiktok/test/facebook/image00862.jpg,0.9755,facebook,0.0955
0,/Users/malcolm/dev/bossjones/pytorch-lab/scratch/datasets/twitter_facebook_tiktok/test/facebook/image00862.jpg,0.9755,facebook,0.0794
0,/Users/malcolm/dev/bossjones/pytorch-lab/scratch/datasets/twitter_facebook_tiktok/test/facebook/image00797.jpg,0.9739,facebook,0.0879
0,/Users/malcolm/dev/bossjones/pytorch-lab/scratch/datasets/twitter_facebook_tiktok/test/facebook/image00797.jpg,0.9739,facebook,0.0894
0,/Users/malcolm/dev/bossjones/pytorch-lab/scratch/datasets/twitter_facebook_tiktok/test/facebook/image00820.jpg,0.9736,facebook,0.0801
0,/Users/malcolm/dev/bossjones/pytorch-lab/scratch/datasets/twitter_facebook_tiktok/test/facebook/image00820.jpg,0.9736,facebook,0.0855
0,/Users/malcolm/dev/bossjones/pytorch-lab/scratch/datasets/twitter_facebook_tiktok/test/tiktok/image00325.jpg,0.9732,tiktok,0.0674
0,/Users/malcolm/dev/bossjones/pytorch-lab/scratch/datasets/twitter_facebook_tiktok/test/tiktok/image00325.jpg,0.9732,tiktok,0.0636
0,/Users/malcolm/dev/bossjones/pytorch-lab/scratch/datasets/twitter_facebook_tiktok/test/facebook/image00813.jpg,0.9731,facebook,0.0821
0,/Users/malcolm/dev/bossjones/pytorch-lab/scratch/datasets/twitter_facebook_tiktok/test/facebook/image00813.jpg,0.9731,facebook,0.0856
0,/Users/malcolm/dev/bossjones/pytorch-lab/scratch/datasets/twitter_facebook_tiktok/test/tiktok/image00292.jpg,0.9714,tiktok,0.056
0,/Users/malcolm/dev/bossjones/pytorch-lab/scratch/datasets/twitter_facebook_tiktok/test/tiktok/image00348.jpg,0.9714,tiktok,0.0751
0,/Users/malcolm/dev/bossjones/pytorch-lab/scratch/datasets/twitter_facebook_tiktok/test/tiktok/image00348.jpg,0.9714,tiktok,0.0708
0,/Users/malcolm/dev/bossjones/pytorch-lab/scratch/datasets/twitter_facebook_tiktok/test/tiktok/image00292.jpg,0.9714,tiktok,0.0553
0,/Users/malcolm/dev/bossjones/pytorch-lab/scratch/datasets/twitter_facebook_tiktok/test/facebook/image00866.jpg,0.971,facebook,0.0974
0,/Users/malcolm/dev/bossjones/pytorch-lab/scratch/datasets/twitter_facebook_tiktok/test/facebook/image00866.jpg,0.971,facebook,0.0984
0,/Users/malcolm/dev/bossjones/pytorch-lab/scratch/datasets/twitter_facebook_tiktok/test/tiktok/image00310.jpg,0.9709,tiktok,0.0575
0,/Users/malcolm/dev/bossjones/pytorch-lab/scratch/datasets/twitter_facebook_tiktok/test/tiktok/image00310.jpg,0.9709,tiktok,0.0632
0,/Users/malcolm/dev/bossjones/pytorch-lab/scratch/datasets/twitter_facebook_tiktok/test/facebook/image00873.jpg,0.97,facebook,0.0809
0,/Users/malcolm/dev/bossjones/pytorch-lab/scratch/datasets/twitter_facebook_tiktok/test/facebook/image00873.jpg,0.97,facebook,0.087
0,/Users/malcolm/dev/bossjones/pytorch-lab/scratch/datasets/twitter_facebook_tiktok/test/facebook/image00845.jpg,0.9697,facebook,0.1017
0,/Users/malcolm/dev/bossjones/pytorch-lab/scratch/datasets/twitter_facebook_tiktok/test/facebook/image00845.jpg,0.9697,facebook,0.0826
0,/Users/malcolm/dev/bossjones/pytorch-lab/scratch/datasets/twitter_facebook_tiktok/test/tiktok/image00280.jpg,0.9681,tiktok,0.0709
0,/Users/malcolm/dev/bossjones/pytorch-lab/scratch/datasets/twitter_facebook_tiktok/test/tiktok/image00280.jpg,0.9681,tiktok,0.0719
0,/Users/malcolm/dev/bossjones/pytorch-lab/scratch/datasets/twitter_facebook_tiktok/test/facebook/image00876.jpg,0.9676,facebook,0.0916
0,/Users/malcolm/dev/bossjones/pytorch-lab/scratch/datasets/twitter_facebook_tiktok/test/facebook/image00876.jpg,0.9676,facebook,0.1007
0,/Users/malcolm/dev/bossjones/pytorch-lab/scratch/datasets/twitter_facebook_tiktok/test/facebook/image00846.jpg,0.9675,facebook,0.0842
0,/Users/malcolm/dev/bossjones/pytorch-lab/scratch/datasets/twitter_facebook_tiktok/test/facebook/image00846.jpg,0.9675,facebook,0.0916
0,/Users/malcolm/dev/bossjones/pytorch-lab/scratch/datasets/twitter_facebook_tiktok/test/twitter/image01061.jpg,0.9672,twitter,0.0836
0,/Users/malcolm/dev/bossjones/pytorch-lab/scratch/datasets/twitter_facebook_tiktok/test/twitter/image01061.jpg,0.9672,twitter,0.0815
0,/Users/malcolm/dev/bossjones/pytorch-lab/scratch/datasets/twitter_facebook_tiktok/test/facebook/image00875.jpg,0.9665,facebook,0.0933
0,/Users/malcolm/dev/bossjones/pytorch-lab/scratch/datasets/twitter_facebook_tiktok/test/facebook/image00875.jpg,0.9665,facebook,0.0836
0,/Users/malcolm/dev/bossjones/pytorch-lab/scratch/datasets/twitter_facebook_tiktok/test/tiktok/image00294.jpg,0.9662,tiktok,0.0671
0,/Users/malcolm/dev/bossjones/pytorch-lab/scratch/datasets/twitter_facebook_tiktok/test/tiktok/image00294.jpg,0.9662,tiktok,0.0632
0,/Users/malcolm/dev/bossjones/pytorch-lab/scratch/datasets/twitter_facebook_tiktok/test/tiktok/image00332.jpg,0.9659,tiktok,0.0732
0,/Users/malcolm/dev/bossjones/pytorch-lab/scratch/datasets/twitter_facebook_tiktok/test/tiktok/image00332.jpg,0.9659,tiktok,0.0646
0,/Users/malcolm/dev/bossjones/pytorch-lab/scratch/datasets/twitter_facebook_tiktok/test/twitter/image01081.jpg,0.9659,twitter,1.0038
0,/Users/malcolm/dev/bossjones/pytorch-lab/scratch/datasets/twitter_facebook_tiktok/test/twitter/image01081.jpg,0.9659,twitter,1.0271
0,/Users/malcolm/dev/bossjones/pytorch-lab/scratch/datasets/twitter_facebook_tiktok/test/twitter/image01089.jpg,0.9651,twitter,0.0641
0,/Users/malcolm/dev/bossjones/pytorch-lab/scratch/datasets/twitter_facebook_tiktok/test/twitter/image01089.jpg,0.9651,twitter,0.0725
0,/Users/malcolm/dev/bossjones/pytorch-lab/scratch/datasets/twitter_facebook_tiktok/test/tiktok/image00345.jpg,0.9646,tiktok,0.111
0,/Users/malcolm/dev/bossjones/pytorch-lab/scratch/datasets/twitter_facebook_tiktok/test/tiktok/image00345.jpg,0.9646,tiktok,0.1074
0,/Users/malcolm/dev/bossjones/pytorch-lab/scratch/datasets/twitter_facebook_tiktok/test/twitter/image01096.jpg,0.9642,twitter,0.0698
0,/Users/malcolm/dev/bossjones/pytorch-lab/scratch/datasets/twitter_facebook_tiktok/test/twitter/image01096.jpg,0.9642,twitter,0.0759
0,/Users/malcolm/dev/bossjones/pytorch-lab/scratch/datasets/twitter_facebook_tiktok/test/twitter/image01067.jpg,0.9641,twitter,0.0784
0,/Users/malcolm/dev/bossjones/pytorch-lab/scratch/datasets/twitter_facebook_tiktok/test/twitter/image01067.jpg,0.9641,twitter,0.0691
0,/Users/malcolm/dev/bossjones/pytorch-lab/scratch/datasets/twitter_facebook_tiktok/test/facebook/image00841.jpg,0.9637,facebook,0.0861
0,/Users/malcolm/dev/bossjones/pytorch-lab/scratch/datasets/twitter_facebook_tiktok/test/facebook/image00841.jpg,0.9637,facebook,0.087
0,/Users/malcolm/dev/bossjones/pytorch-lab/scratch/datasets/twitter_facebook_tiktok/test/tiktok/image00286.jpg,0.9632,tiktok,0.0757
0,/Users/malcolm/dev/bossjones/pytorch-lab/scratch/datasets/twitter_facebook_tiktok/test/tiktok/image00286.jpg,0.9632,tiktok,0.069
0,/Users/malcolm/dev/bossjones/pytorch-lab/scratch/datasets/twitter_facebook_tiktok/test/twitter/image01080.jpg,0.9626,twitter,0.0792
0,/Users/malcolm/dev/bossjones/pytorch-lab/scratch/datasets/twitter_facebook_tiktok/test/twitter/image01080.jpg,0.9626,twitter,0.0751
0,/Users/malcolm/dev/bossjones/pytorch-lab/scratch/datasets/twitter_facebook_tiktok/test/twitter/image01087.jpg,0.9622,twitter,0.0722
0,/Users/malcolm/dev/bossjones/pytorch-lab/scratch/datasets/twitter_facebook_tiktok/test/twitter/image01087.jpg,0.9622,twitter,0.0684
0,/Users/malcolm/dev/bossjones/pytorch-lab/scratch/datasets/twitter_facebook_tiktok/test/tiktok/image00283.jpg,0.9619,tiktok,0.072
0,/Users/malcolm/dev/bossjones/pytorch-lab/scratch/datasets/twitter_facebook_tiktok/test/tiktok/image00283.jpg,0.9619,tiktok,0.0677
0,/Users/malcolm/dev/bossjones/pytorch-lab/scratch/datasets/twitter_facebook_tiktok/test/twitter/image01079.jpg,0.9615,twitter,0.069
0,/Users/malcolm/dev/bossjones/pytorch-lab/scratch/datasets/twitter_facebook_tiktok/test/twitter/image01079.jpg,0.9615,twitter,0.0681
0,/Users/malcolm/dev/bossjones/pytorch-lab/scratch/datasets/twitter_facebook_tiktok/test/twitter/image01098.jpg,0.9601,twitter,0.0671
0,/Users/malcolm/dev/bossjones/pytorch-lab/scratch/datasets/twitter_facebook_tiktok/test/twitter/image01098.jpg,0.9601,twitter,0.072
0,/Users/malcolm/dev/bossjones/pytorch-lab/scratch/datasets/twitter_facebook_tiktok/test/twitter/image01076.jpg,0.9587,twitter,0.0802
0,/Users/malcolm/dev/bossjones/pytorch-lab/scratch/datasets/twitter_facebook_tiktok/test/twitter/image01076.jpg,0.9587,twitter,0.0823
0,/Users/malcolm/dev/bossjones/pytorch-lab/scratch/datasets/twitter_facebook_tiktok/test/twitter/image01091.jpg,0.9583,twitter,0.0907
0,/Users/malcolm/dev/bossjones/pytorch-lab/scratch/datasets/twitter_facebook_tiktok/test/twitter/image01091.jpg,0.9583,twitter,0.0949
0,/Users/malcolm/dev/bossjones/pytorch-lab/scratch/datasets/twitter_facebook_tiktok/test/twitter/image01059.jpg,0.9561,twitter,0.0678
0,/Users/malcolm/dev/bossjones/pytorch-lab/scratch/datasets/twitter_facebook_tiktok/test/twitter/image01059.jpg,0.9561,twitter,0.0697
0,/Users/malcolm/dev/bossjones/pytorch-lab/scratch/datasets/twitter_facebook_tiktok/test/tiktok/image00314.jpg,0.9551,tiktok,0.0694
0,/Users/malcolm/dev/bossjones/pytorch-lab/scratch/datasets/twitter_facebook_tiktok/test/tiktok/image00314.jpg,0.9551,tiktok,0.0704
0,/Users/malcolm/dev/bossjones/pytorch-lab/scratch/datasets/twitter_facebook_tiktok/test/tiktok/image00320.jpg,0.9549,tiktok,0.0921
0,/Users/malcolm/dev/bossjones/pytorch-lab/scratch/datasets/twitter_facebook_tiktok/test/tiktok/image00320.jpg,0.9549,tiktok,0.0717
0,/Users/malcolm/dev/bossjones/pytorch-lab/scratch/datasets/twitter_facebook_tiktok/test/facebook/image00832.jpg,0.9548,facebook,0.0808
0,/Users/malcolm/dev/bossjones/pytorch-lab/scratch/datasets/twitter_facebook_tiktok/test/facebook/image00832.jpg,0.9548,facebook,0.0811
0,/Users/malcolm/dev/bossjones/pytorch-lab/scratch/datasets/twitter_facebook_tiktok/test/twitter/image01090.jpg,0.9543,facebook,0.0886
0,/Users/malcolm/dev/bossjones/pytorch-lab/scratch/datasets/twitter_facebook_tiktok/test/twitter/image01090.jpg,0.9543,facebook,0.0931
0,/Users/malcolm/dev/bossjones/pytorch-lab/scratch/datasets/twitter_facebook_tiktok/test/tiktok/image00334.jpg,0.954,tiktok,0.0691
0,/Users/malcolm/dev/bossjones/pytorch-lab/scratch/datasets/twitter_facebook_tiktok/test/tiktok/image00334.jpg,0.954,tiktok,0.0677
0,/Users/malcolm/dev/bossjones/pytorch-lab/scratch/datasets/twitter_facebook_tiktok/test/facebook/image00801.jpg,0.9539,facebook,0.0865
0,/Users/malcolm/dev/bossjones/pytorch-lab/scratch/datasets/twitter_facebook_tiktok/test/facebook/image00801.jpg,0.9539,facebook,0.0909
0,/Users/malcolm/dev/bossjones/pytorch-lab/scratch/datasets/twitter_facebook_tiktok/test/tiktok/image00300.jpg,0.953,tiktok,0.0714
0,/Users/malcolm/dev/bossjones/pytorch-lab/scratch/datasets/twitter_facebook_tiktok/test/tiktok/image00300.jpg,0.953,tiktok,0.0731
0,/Users/malcolm/dev/bossjones/pytorch-lab/scratch/datasets/twitter_facebook_tiktok/test/twitter/image01064.jpg,0.9515,twitter,0.0963
0,/Users/malcolm/dev/bossjones/pytorch-lab/scratch/datasets/twitter_facebook_tiktok/test/twitter/image01064.jpg,0.9515,twitter,0.0908
0,/Users/malcolm/dev/bossjones/pytorch-lab/scratch/datasets/twitter_facebook_tiktok/test/tiktok/image00341.jpg,0.9512,tiktok,0.0926
0,/Users/malcolm/dev/bossjones/pytorch-lab/scratch/datasets/twitter_facebook_tiktok/test/tiktok/image00341.jpg,0.9512,tiktok,0.099
0,/Users/malcolm/dev/bossjones/pytorch-lab/scratch/datasets/twitter_facebook_tiktok/test/twitter/image01071.jpg,0.9501,twitter,0.0896
0,/Users/malcolm/dev/bossjones/pytorch-lab/scratch/datasets/twitter_facebook_tiktok/test/twitter/image01071.jpg,0.9501,twitter,0.0848
0,/Users/malcolm/dev/bossjones/pytorch-lab/scratch/datasets/twitter_facebook_tiktok/test/tiktok/image00284.jpg,0.9487,tiktok,0.083
0,/Users/malcolm/dev/bossjones/pytorch-lab/scratch/datasets/twitter_facebook_tiktok/test/tiktok/image00284.jpg,0.9487,tiktok,0.076
0,/Users/malcolm/dev/bossjones/pytorch-lab/scratch/datasets/twitter_facebook_tiktok/test/facebook/image00868.jpg,0.9485,facebook,0.1051
0,/Users/malcolm/dev/bossjones/pytorch-lab/scratch/datasets/twitter_facebook_tiktok/test/facebook/image00868.jpg,0.9485,facebook,0.0788
0,/Users/malcolm/dev/bossjones/pytorch-lab/scratch/datasets/twitter_facebook_tiktok/test/twitter/image01077.jpg,0.9474,twitter,0.0892
0,/Users/malcolm/dev/bossjones/pytorch-lab/scratch/datasets/twitter_facebook_tiktok/test/twitter/image01077.jpg,0.9474,twitter,0.0839
0,/Users/malcolm/dev/bossjones/pytorch-lab/scratch/datasets/twitter_facebook_tiktok/test/facebook/image00827.jpg,0.9471,facebook,0.1043
0,/Users/malcolm/dev/bossjones/pytorch-lab/scratch/datasets/twitter_facebook_tiktok/test/facebook/image00827.jpg,0.9471,facebook,0.0879
0,/Users/malcolm/dev/bossjones/pytorch-lab/scratch/datasets/twitter_facebook_tiktok/test/twitter/image01092.jpg,0.9458,twitter,0.0931
0,/Users/malcolm/dev/bossjones/pytorch-lab/scratch/datasets/twitter_facebook_tiktok/test/twitter/image01092.jpg,0.9458,twitter,0.0817
0,/Users/malcolm/dev/bossjones/pytorch-lab/scratch/datasets/twitter_facebook_tiktok/test/tiktok/image00337.jpg,0.9436,tiktok,0.0695
0,/Users/malcolm/dev/bossjones/pytorch-lab/scratch/datasets/twitter_facebook_tiktok/test/facebook/image00839.jpg,0.9436,facebook,0.0989
0,/Users/malcolm/dev/bossjones/pytorch-lab/scratch/datasets/twitter_facebook_tiktok/test/facebook/image00839.jpg,0.9436,facebook,0.0897
0,/Users/malcolm/dev/bossjones/pytorch-lab/scratch/datasets/twitter_facebook_tiktok/test/tiktok/image00337.jpg,0.9436,tiktok,0.0709
0,/Users/malcolm/dev/bossjones/pytorch-lab/scratch/datasets/twitter_facebook_tiktok/test/twitter/image01069.jpg,0.9434,twitter,0.0804
0,/Users/malcolm/dev/bossjones/pytorch-lab/scratch/datasets/twitter_facebook_tiktok/test/twitter/image01069.jpg,0.9434,twitter,0.0928
0,/Users/malcolm/dev/bossjones/pytorch-lab/scratch/datasets/twitter_facebook_tiktok/test/facebook/image00810.jpg,0.9422,facebook,0.0853
0,/Users/malcolm/dev/bossjones/pytorch-lab/scratch/datasets/twitter_facebook_tiktok/test/facebook/image00810.jpg,0.9422,facebook,0.089
0,/Users/malcolm/dev/bossjones/pytorch-lab/scratch/datasets/twitter_facebook_tiktok/test/tiktok/image00329.jpg,0.9399,tiktok,0.0533
0,/Users/malcolm/dev/bossjones/pytorch-lab/scratch/datasets/twitter_facebook_tiktok/test/tiktok/image00329.jpg,0.9399,tiktok,0.0581
0,/Users/malcolm/dev/bossjones/pytorch-lab/scratch/datasets/twitter_facebook_tiktok/test/tiktok/image00290.jpg,0.9383,tiktok,0.0718
0,/Users/malcolm/dev/bossjones/pytorch-lab/scratch/datasets/twitter_facebook_tiktok/test/tiktok/image00290.jpg,0.9383,tiktok,0.0789
0,/Users/malcolm/dev/bossjones/pytorch-lab/scratch/datasets/twitter_facebook_tiktok/test/twitter/image01093.jpg,0.9364,twitter,0.0806
0,/Users/malcolm/dev/bossjones/pytorch-lab/scratch/datasets/twitter_facebook_tiktok/test/twitter/image01093.jpg,0.9364,twitter,0.0916
0,/Users/malcolm/dev/bossjones/pytorch-lab/scratch/datasets/twitter_facebook_tiktok/test/twitter/image01084.jpg,0.9333,twitter,0.0856
0,/Users/malcolm/dev/bossjones/pytorch-lab/scratch/datasets/twitter_facebook_tiktok/test/twitter/image01084.jpg,0.9333,twitter,0.0824
0,/Users/malcolm/dev/bossjones/pytorch-lab/scratch/datasets/twitter_facebook_tiktok/test/facebook/image00849.jpg,0.9319,facebook,0.0858
0,/Users/malcolm/dev/bossjones/pytorch-lab/scratch/datasets/twitter_facebook_tiktok/test/facebook/image00849.jpg,0.9319,facebook,0.0807
0,/Users/malcolm/dev/bossjones/pytorch-lab/scratch/datasets/twitter_facebook_tiktok/test/facebook/image00837.jpg,0.9308,facebook,0.0703
0,/Users/malcolm/dev/bossjones/pytorch-lab/scratch/datasets/twitter_facebook_tiktok/test/facebook/image00837.jpg,0.9308,facebook,0.0769
0,/Users/malcolm/dev/bossjones/pytorch-lab/scratch/datasets/twitter_facebook_tiktok/test/twitter/image01078.jpg,0.9293,twitter,0.0761
0,/Users/malcolm/dev/bossjones/pytorch-lab/scratch/datasets/twitter_facebook_tiktok/test/twitter/image01078.jpg,0.9293,twitter,0.0721
0,/Users/malcolm/dev/bossjones/pytorch-lab/scratch/datasets/twitter_facebook_tiktok/test/twitter/image01058.jpg,0.924,twitter,0.0729
0,/Users/malcolm/dev/bossjones/pytorch-lab/scratch/datasets/twitter_facebook_tiktok/test/twitter/image01058.jpg,0.924,twitter,0.0705
0,/Users/malcolm/dev/bossjones/pytorch-lab/scratch/datasets/twitter_facebook_tiktok/test/twitter/image01083.jpg,0.9239,twitter,0.0731
0,/Users/malcolm/dev/bossjones/pytorch-lab/scratch/datasets/twitter_facebook_tiktok/test/twitter/image01083.jpg,0.9239,twitter,0.0694
0,/Users/malcolm/dev/bossjones/pytorch-lab/scratch/datasets/twitter_facebook_tiktok/test/tiktok/image00347.jpg,0.9224,tiktok,0.0741
0,/Users/malcolm/dev/bossjones/pytorch-lab/scratch/datasets/twitter_facebook_tiktok/test/tiktok/image00347.jpg,0.9224,tiktok,0.0767
0,/Users/malcolm/dev/bossjones/pytorch-lab/scratch/datasets/twitter_facebook_tiktok/test/twitter/image01099.jpg,0.9215,twitter,0.0828
0,/Users/malcolm/dev/bossjones/pytorch-lab/scratch/datasets/twitter_facebook_tiktok/test/twitter/image01099.jpg,0.9215,twitter,0.1145
0,/Users/malcolm/dev/bossjones/pytorch-lab/scratch/datasets/twitter_facebook_tiktok/test/twitter/image01086.jpg,0.9154,twitter,0.0766
0,/Users/malcolm/dev/bossjones/pytorch-lab/scratch/datasets/twitter_facebook_tiktok/test/twitter/image01086.jpg,0.9154,twitter,0.0756
0,/Users/malcolm/dev/bossjones/pytorch-lab/scratch/datasets/twitter_facebook_tiktok/test/tiktok/image00301.jpg,0.9087,tiktok,0.0594
0,/Users/malcolm/dev/bossjones/pytorch-lab/scratch/datasets/twitter_facebook_tiktok/test/tiktok/image00301.jpg,0.9087,tiktok,0.0651
0,/Users/malcolm/dev/bossjones/pytorch-lab/scratch/datasets/twitter_facebook_tiktok/test/twitter/image01072.jpg,0.9074,twitter,0.0904
0,/Users/malcolm/dev/bossjones/pytorch-lab/scratch/datasets/twitter_facebook_tiktok/test/twitter/image01072.jpg,0.9074,twitter,0.086
0,/Users/malcolm/dev/bossjones/pytorch-lab/scratch/datasets/twitter_facebook_tiktok/test/twitter/image01082.jpg,0.9057,twitter,0.0909
0,/Users/malcolm/dev/bossjones/pytorch-lab/scratch/datasets/twitter_facebook_tiktok/test/twitter/image01082.jpg,0.9057,twitter,0.0848
0,/Users/malcolm/dev/bossjones/pytorch-lab/scratch/datasets/twitter_facebook_tiktok/test/facebook/image00830.jpg,0.9047,facebook,0.0926
0,/Users/malcolm/dev/bossjones/pytorch-lab/scratch/datasets/twitter_facebook_tiktok/test/facebook/image00830.jpg,0.9047,facebook,0.0881
0,/Users/malcolm/dev/bossjones/pytorch-lab/scratch/datasets/twitter_facebook_tiktok/test/twitter/image01095.jpg,0.9033,twitter,0.0921
0,/Users/malcolm/dev/bossjones/pytorch-lab/scratch/datasets/twitter_facebook_tiktok/test/twitter/image01095.jpg,0.9033,twitter,0.086
0,/Users/malcolm/dev/bossjones/pytorch-lab/scratch/datasets/twitter_facebook_tiktok/test/twitter/image01065.jpg,0.903,twitter,0.0839
0,/Users/malcolm/dev/bossjones/pytorch-lab/scratch/datasets/twitter_facebook_tiktok/test/twitter/image01065.jpg,0.903,twitter,0.0903
0,/Users/malcolm/dev/bossjones/pytorch-lab/scratch/datasets/twitter_facebook_tiktok/test/tiktok/image00315.jpg,0.9001,tiktok,0.0626
0,/Users/malcolm/dev/bossjones/pytorch-lab/scratch/datasets/twitter_facebook_tiktok/test/tiktok/image00315.jpg,0.9001,tiktok,0.063
0,/Users/malcolm/dev/bossjones/pytorch-lab/scratch/datasets/twitter_facebook_tiktok/test/tiktok/image00307.jpg,0.8998,tiktok,0.104
0,/Users/malcolm/dev/bossjones/pytorch-lab/scratch/datasets/twitter_facebook_tiktok/test/tiktok/image00307.jpg,0.8998,tiktok,0.1072
0,/Users/malcolm/dev/bossjones/pytorch-lab/scratch/datasets/twitter_facebook_tiktok/test/facebook/image00870.jpg,0.8995,facebook,0.0847
0,/Users/malcolm/dev/bossjones/pytorch-lab/scratch/datasets/twitter_facebook_tiktok/test/facebook/image00870.jpg,0.8995,facebook,0.0833
0,/Users/malcolm/dev/bossjones/pytorch-lab/scratch/datasets/twitter_facebook_tiktok/test/facebook/image00851.jpg,0.898,facebook,0.0867
0,/Users/malcolm/dev/bossjones/pytorch-lab/scratch/datasets/twitter_facebook_tiktok/test/facebook/image00851.jpg,0.898,facebook,0.0865
0,/Users/malcolm/dev/bossjones/pytorch-lab/scratch/datasets/twitter_facebook_tiktok/test/tiktok/image00344.jpg,0.8976,tiktok,0.0724
0,/Users/malcolm/dev/bossjones/pytorch-lab/scratch/datasets/twitter_facebook_tiktok/test/tiktok/image00344.jpg,0.8976,tiktok,0.079
0,/Users/malcolm/dev/bossjones/pytorch-lab/scratch/datasets/twitter_facebook_tiktok/test/tiktok/image00330.jpg,0.8964,tiktok,0.0688
0,/Users/malcolm/dev/bossjones/pytorch-lab/scratch/datasets/twitter_facebook_tiktok/test/tiktok/image00330.jpg,0.8964,tiktok,0.0662
0,/Users/malcolm/dev/bossjones/pytorch-lab/scratch/datasets/twitter_facebook_tiktok/test/tiktok/image00279.jpg,0.8962,tiktok,0.0542
0,/Users/malcolm/dev/bossjones/pytorch-lab/scratch/datasets/twitter_facebook_tiktok/test/tiktok/image00279.jpg,0.8962,tiktok,0.0556
0,/Users/malcolm/dev/bossjones/pytorch-lab/scratch/datasets/twitter_facebook_tiktok/test/twitter/image01062.jpg,0.8927,twitter,0.0697
0,/Users/malcolm/dev/bossjones/pytorch-lab/scratch/datasets/twitter_facebook_tiktok/test/twitter/image01062.jpg,0.8927,twitter,0.0698
0,/Users/malcolm/dev/bossjones/pytorch-lab/scratch/datasets/twitter_facebook_tiktok/test/tiktok/image00309.jpg,0.8926,tiktok,0.0703
0,/Users/malcolm/dev/bossjones/pytorch-lab/scratch/datasets/twitter_facebook_tiktok/test/tiktok/image00309.jpg,0.8926,tiktok,0.0743
0,/Users/malcolm/dev/bossjones/pytorch-lab/scratch/datasets/twitter_facebook_tiktok/test/tiktok/image00318.jpg,0.8904,tiktok,0.0787
0,/Users/malcolm/dev/bossjones/pytorch-lab/scratch/datasets/twitter_facebook_tiktok/test/tiktok/image00318.jpg,0.8904,tiktok,0.071
0,/Users/malcolm/dev/bossjones/pytorch-lab/scratch/datasets/twitter_facebook_tiktok/test/tiktok/image00338.jpg,0.884,tiktok,0.0645
0,/Users/malcolm/dev/bossjones/pytorch-lab/scratch/datasets/twitter_facebook_tiktok/test/tiktok/image00338.jpg,0.884,tiktok,0.0656
0,/Users/malcolm/dev/bossjones/pytorch-lab/scratch/datasets/twitter_facebook_tiktok/test/tiktok/image00297.jpg,0.8792,tiktok,0.0652
0,/Users/malcolm/dev/bossjones/pytorch-lab/scratch/datasets/twitter_facebook_tiktok/test/tiktok/image00297.jpg,0.8792,tiktok,0.0674
0,/Users/malcolm/dev/bossjones/pytorch-lab/scratch/datasets/twitter_facebook_tiktok/test/facebook/image00785.jpg,0.8719,facebook,0.0794
0,/Users/malcolm/dev/bossjones/pytorch-lab/scratch/datasets/twitter_facebook_tiktok/test/facebook/image00785.jpg,0.8719,facebook,0.0904
0,/Users/malcolm/dev/bossjones/pytorch-lab/scratch/datasets/twitter_facebook_tiktok/test/tiktok/image00326.jpg,0.8714,tiktok,0.0563
0,/Users/malcolm/dev/bossjones/pytorch-lab/scratch/datasets/twitter_facebook_tiktok/test/tiktok/image00326.jpg,0.8714,tiktok,0.0547
0,/Users/malcolm/dev/bossjones/pytorch-lab/scratch/datasets/twitter_facebook_tiktok/test/facebook/image00842.jpg,0.8676,facebook,0.1045
0,/Users/malcolm/dev/bossjones/pytorch-lab/scratch/datasets/twitter_facebook_tiktok/test/facebook/image00842.jpg,0.8676,facebook,0.1017
0,/Users/malcolm/dev/bossjones/pytorch-lab/scratch/datasets/twitter_facebook_tiktok/test/twitter/image01068.jpg,0.8672,twitter,0.0817
0,/Users/malcolm/dev/bossjones/pytorch-lab/scratch/datasets/twitter_facebook_tiktok/test/twitter/image01068.jpg,0.8672,twitter,0.0901
0,/Users/malcolm/dev/bossjones/pytorch-lab/scratch/datasets/twitter_facebook_tiktok/test/tiktok/image00298.jpg,0.8604,tiktok,0.0622
0,/Users/malcolm/dev/bossjones/pytorch-lab/scratch/datasets/twitter_facebook_tiktok/test/tiktok/image00298.jpg,0.8604,tiktok,0.063
0,/Users/malcolm/dev/bossjones/pytorch-lab/scratch/datasets/twitter_facebook_tiktok/test/tiktok/image00296.jpg,0.8591,tiktok,0.0549
0,/Users/malcolm/dev/bossjones/pytorch-lab/scratch/datasets/twitter_facebook_tiktok/test/tiktok/image00296.jpg,0.8591,tiktok,0.0591
0,/Users/malcolm/dev/bossjones/pytorch-lab/scratch/datasets/twitter_facebook_tiktok/test/tiktok/image00305.jpg,0.8587,tiktok,0.0582
0,/Users/malcolm/dev/bossjones/pytorch-lab/scratch/datasets/twitter_facebook_tiktok/test/tiktok/image00305.jpg,0.8587,tiktok,0.0594
0,/Users/malcolm/dev/bossjones/pytorch-lab/scratch/datasets/twitter_facebook_tiktok/test/tiktok/image00335.jpg,0.8579,tiktok,0.0721
0,/Users/malcolm/dev/bossjones/pytorch-lab/scratch/datasets/twitter_facebook_tiktok/test/tiktok/image00335.jpg,0.8579,tiktok,0.0659
0,/Users/malcolm/dev/bossjones/pytorch-lab/scratch/datasets/twitter_facebook_tiktok/test/facebook/image00883.jpg,0.8373,facebook,0.1022
0,/Users/malcolm/dev/bossjones/pytorch-lab/scratch/datasets/twitter_facebook_tiktok/test/facebook/image00883.jpg,0.8373,facebook,0.0803
0,/Users/malcolm/dev/bossjones/pytorch-lab/scratch/datasets/twitter_facebook_tiktok/test/facebook/image00847.jpg,0.8328,facebook,0.1054
0,/Users/malcolm/dev/bossjones/pytorch-lab/scratch/datasets/twitter_facebook_tiktok/test/facebook/image00847.jpg,0.8328,facebook,0.1011
0,/Users/malcolm/dev/bossjones/pytorch-lab/scratch/datasets/twitter_facebook_tiktok/test/tiktok/image00327.jpg,0.8309,tiktok,0.0555
0,/Users/malcolm/dev/bossjones/pytorch-lab/scratch/datasets/twitter_facebook_tiktok/test/tiktok/image00327.jpg,0.8309,tiktok,0.0598
0,/Users/malcolm/dev/bossjones/pytorch-lab/scratch/datasets/twitter_facebook_tiktok/test/tiktok/image00289.jpg,0.8308,tiktok,0.0554
0,/Users/malcolm/dev/bossjones/pytorch-lab/scratch/datasets/twitter_facebook_tiktok/test/tiktok/image00289.jpg,0.8308,tiktok,0.0513
0,/Users/malcolm/dev/bossjones/pytorch-lab/scratch/datasets/twitter_facebook_tiktok/test/facebook/image00796.jpg,0.8293,tiktok,0.0857
0,/Users/malcolm/dev/bossjones/pytorch-lab/scratch/datasets/twitter_facebook_tiktok/test/facebook/image00796.jpg,0.8293,tiktok,0.0853
0,/Users/malcolm/dev/bossjones/pytorch-lab/scratch/datasets/twitter_facebook_tiktok/test/facebook/image00800.jpg,0.8237,tiktok,0.0925
0,/Users/malcolm/dev/bossjones/pytorch-lab/scratch/datasets/twitter_facebook_tiktok/test/facebook/image00800.jpg,0.8237,tiktok,0.1125
0,/Users/malcolm/dev/bossjones/pytorch-lab/scratch/datasets/twitter_facebook_tiktok/test/tiktok/image00308.jpg,0.8204,tiktok,0.0855
0,/Users/malcolm/dev/bossjones/pytorch-lab/scratch/datasets/twitter_facebook_tiktok/test/tiktok/image00308.jpg,0.8204,tiktok,0.0758
0,/Users/malcolm/dev/bossjones/pytorch-lab/scratch/datasets/twitter_facebook_tiktok/test/tiktok/image00295.jpg,0.8157,tiktok,0.0846
0,/Users/malcolm/dev/bossjones/pytorch-lab/scratch/datasets/twitter_facebook_tiktok/test/tiktok/image00295.jpg,0.8157,tiktok,0.0842
0,/Users/malcolm/dev/bossjones/pytorch-lab/scratch/datasets/twitter_facebook_tiktok/test/tiktok/image00302.jpg,0.8147,tiktok,0.0803
0,/Users/malcolm/dev/bossjones/pytorch-lab/scratch/datasets/twitter_facebook_tiktok/test/tiktok/image00302.jpg,0.8147,tiktok,0.0786
0,/Users/malcolm/dev/bossjones/pytorch-lab/scratch/datasets/twitter_facebook_tiktok/test/tiktok/image00291.jpg,0.8142,tiktok,0.0545
0,/Users/malcolm/dev/bossjones/pytorch-lab/scratch/datasets/twitter_facebook_tiktok/test/tiktok/image00291.jpg,0.8142,tiktok,0.0575
0,/Users/malcolm/dev/bossjones/pytorch-lab/scratch/datasets/twitter_facebook_tiktok/test/tiktok/image00339.jpg,0.8136,tiktok,0.0691
0,/Users/malcolm/dev/bossjones/pytorch-lab/scratch/datasets/twitter_facebook_tiktok/test/tiktok/image00339.jpg,0.8136,tiktok,0.0652
0,/Users/malcolm/dev/bossjones/pytorch-lab/scratch/datasets/twitter_facebook_tiktok/test/twitter/image01088.jpg,0.8002,tiktok,0.0917
0,/Users/malcolm/dev/bossjones/pytorch-lab/scratch/datasets/twitter_facebook_tiktok/test/twitter/image01088.jpg,0.8002,tiktok,0.0958
0,/Users/malcolm/dev/bossjones/pytorch-lab/scratch/datasets/twitter_facebook_tiktok/test/facebook/image00859.jpg,0.7937,facebook,0.0816
0,/Users/malcolm/dev/bossjones/pytorch-lab/scratch/datasets/twitter_facebook_tiktok/test/facebook/image00859.jpg,0.7937,facebook,0.0925
0,/Users/malcolm/dev/bossjones/pytorch-lab/scratch/datasets/twitter_facebook_tiktok/test/twitter/image01074.jpg,0.7922,twitter,0.0872
0,/Users/malcolm/dev/bossjones/pytorch-lab/scratch/datasets/twitter_facebook_tiktok/test/twitter/image01074.jpg,0.7922,twitter,0.0782
0,/Users/malcolm/dev/bossjones/pytorch-lab/scratch/datasets/twitter_facebook_tiktok/test/tiktok/image00336.jpg,0.7913,tiktok,0.0662
0,/Users/malcolm/dev/bossjones/pytorch-lab/scratch/datasets/twitter_facebook_tiktok/test/tiktok/image00336.jpg,0.7913,tiktok,0.0729
0,/Users/malcolm/dev/bossjones/pytorch-lab/scratch/datasets/twitter_facebook_tiktok/test/tiktok/image00346.jpg,0.7857,tiktok,0.0545
0,/Users/malcolm/dev/bossjones/pytorch-lab/scratch/datasets/twitter_facebook_tiktok/test/tiktok/image00346.jpg,0.7857,tiktok,0.0555
0,/Users/malcolm/dev/bossjones/pytorch-lab/scratch/datasets/twitter_facebook_tiktok/test/tiktok/image00316.jpg,0.7788,tiktok,0.0689
0,/Users/malcolm/dev/bossjones/pytorch-lab/scratch/datasets/twitter_facebook_tiktok/test/tiktok/image00316.jpg,0.7788,tiktok,0.0665
0,/Users/malcolm/dev/bossjones/pytorch-lab/scratch/datasets/twitter_facebook_tiktok/test/twitter/image01094.jpg,0.7773,twitter,0.1032
0,/Users/malcolm/dev/bossjones/pytorch-lab/scratch/datasets/twitter_facebook_tiktok/test/twitter/image01094.jpg,0.7773,twitter,0.1086
0,/Users/malcolm/dev/bossjones/pytorch-lab/scratch/datasets/twitter_facebook_tiktok/test/facebook/image00826.jpg,0.7671,tiktok,0.0825
0,/Users/malcolm/dev/bossjones/pytorch-lab/scratch/datasets/twitter_facebook_tiktok/test/facebook/image00826.jpg,0.7671,tiktok,0.0839
0,/Users/malcolm/dev/bossjones/pytorch-lab/scratch/datasets/twitter_facebook_tiktok/test/tiktok/image00340.jpg,0.7592,tiktok,0.0706
0,/Users/malcolm/dev/bossjones/pytorch-lab/scratch/datasets/twitter_facebook_tiktok/test/tiktok/image00340.jpg,0.7592,tiktok,0.0671
0,/Users/malcolm/dev/bossjones/pytorch-lab/scratch/datasets/twitter_facebook_tiktok/test/tiktok/image00312.jpg,0.7473,tiktok,0.0653
0,/Users/malcolm/dev/bossjones/pytorch-lab/scratch/datasets/twitter_facebook_tiktok/test/tiktok/image00312.jpg,0.7473,tiktok,0.0627
0,/Users/malcolm/dev/bossjones/pytorch-lab/scratch/datasets/twitter_facebook_tiktok/test/twitter/image01070.jpg,0.7415,tiktok,0.1119
0,/Users/malcolm/dev/bossjones/pytorch-lab/scratch/datasets/twitter_facebook_tiktok/test/twitter/image01070.jpg,0.7415,tiktok,0.1099
0,/Users/malcolm/dev/bossjones/pytorch-lab/scratch/datasets/twitter_facebook_tiktok/test/twitter/image01075.jpg,0.734,tiktok,0.1102
0,/Users/malcolm/dev/bossjones/pytorch-lab/scratch/datasets/twitter_facebook_tiktok/test/twitter/image01075.jpg,0.734,tiktok,0.0974
0,/Users/malcolm/dev/bossjones/pytorch-lab/scratch/datasets/twitter_facebook_tiktok/test/facebook/image00823.jpg,0.7046,tiktok,0.1024
0,/Users/malcolm/dev/bossjones/pytorch-lab/scratch/datasets/twitter_facebook_tiktok/test/facebook/image00823.jpg,0.7046,tiktok,0.0831
0,/Users/malcolm/dev/bossjones/pytorch-lab/scratch/datasets/twitter_facebook_tiktok/test/twitter/image01085.jpg,0.6904,facebook,0.0925
0,/Users/malcolm/dev/bossjones/pytorch-lab/scratch/datasets/twitter_facebook_tiktok/test/twitter/image01085.jpg,0.6904,facebook,0.0872
0,/Users/malcolm/dev/bossjones/pytorch-lab/scratch/datasets/twitter_facebook_tiktok/test/tiktok/image00317.jpg,0.6899,facebook,0.0584
0,/Users/malcolm/dev/bossjones/pytorch-lab/scratch/datasets/twitter_facebook_tiktok/test/tiktok/image00317.jpg,0.6899,facebook,0.064
0,/Users/malcolm/dev/bossjones/pytorch-lab/scratch/datasets/twitter_facebook_tiktok/test/facebook/image00781.jpg,0.6892,tiktok,0.1023
0,/Users/malcolm/dev/bossjones/pytorch-lab/scratch/datasets/twitter_facebook_tiktok/test/facebook/image00781.jpg,0.6892,tiktok,0.0909
0,/Users/malcolm/dev/bossjones/pytorch-lab/scratch/datasets/twitter_facebook_tiktok/test/tiktok/image00313.jpg,0.6884,tiktok,0.069
0,/Users/malcolm/dev/bossjones/pytorch-lab/scratch/datasets/twitter_facebook_tiktok/test/tiktok/image00313.jpg,0.6884,tiktok,0.0752
0,/Users/malcolm/dev/bossjones/pytorch-lab/scratch/datasets/twitter_facebook_tiktok/test/tiktok/image00281.jpg,0.6731,facebook,0.0694
0,/Users/malcolm/dev/bossjones/pytorch-lab/scratch/datasets/twitter_facebook_tiktok/test/tiktok/image00281.jpg,0.6731,facebook,0.0713
0,/Users/malcolm/dev/bossjones/pytorch-lab/scratch/datasets/twitter_facebook_tiktok/test/twitter/image01063.jpg,0.6713,facebook,0.0881
0,/Users/malcolm/dev/bossjones/pytorch-lab/scratch/datasets/twitter_facebook_tiktok/test/twitter/image01063.jpg,0.6713,facebook,0.085
0,/Users/malcolm/dev/bossjones/pytorch-lab/scratch/datasets/twitter_facebook_tiktok/test/facebook/image00877.jpg,0.6545,tiktok,0.0829
0,/Users/malcolm/dev/bossjones/pytorch-lab/scratch/datasets/twitter_facebook_tiktok/test/facebook/image00877.jpg,0.6545,tiktok,0.0934
0,/Users/malcolm/dev/bossjones/pytorch-lab/scratch/datasets/twitter_facebook_tiktok/test/facebook/image00814.jpg,0.6459,tiktok,0.0935
0,/Users/malcolm/dev/bossjones/pytorch-lab/scratch/datasets/twitter_facebook_tiktok/test/facebook/image00814.jpg,0.6459,tiktok,0.0918
0,/Users/malcolm/dev/bossjones/pytorch-lab/scratch/datasets/twitter_facebook_tiktok/test/facebook/image00780.jpg,0.6328,facebook,0.0997
0,/Users/malcolm/dev/bossjones/pytorch-lab/scratch/datasets/twitter_facebook_tiktok/test/facebook/image00780.jpg,0.6328,facebook,0.1013
0,/Users/malcolm/dev/bossjones/pytorch-lab/scratch/datasets/twitter_facebook_tiktok/test/twitter/image01073.jpg,0.5963,twitter,0.094
0,/Users/malcolm/dev/bossjones/pytorch-lab/scratch/datasets/twitter_facebook_tiktok/test/twitter/image01073.jpg,0.5963,twitter,0.0892
0,/Users/malcolm/dev/bossjones/pytorch-lab/scratch/datasets/twitter_facebook_tiktok/test/facebook/image00817.jpg,0.5942,tiktok,0.0927
0,/Users/malcolm/dev/bossjones/pytorch-lab/scratch/datasets/twitter_facebook_tiktok/test/facebook/image00817.jpg,0.5942,tiktok,0.1018
0,/Users/malcolm/dev/bossjones/pytorch-lab/scratch/datasets/twitter_facebook_tiktok/test/facebook/image00874.jpg,0.5868,tiktok,0.0887
0,/Users/malcolm/dev/bossjones/pytorch-lab/scratch/datasets/twitter_facebook_tiktok/test/facebook/image00874.jpg,0.5868,tiktok,0.0843
0,/Users/malcolm/dev/bossjones/pytorch-lab/scratch/datasets/twitter_facebook_tiktok/test/tiktok/image00331.jpg,0.5825,tiktok,0.0559
0,/Users/malcolm/dev/bossjones/pytorch-lab/scratch/datasets/twitter_facebook_tiktok/test/tiktok/image00331.jpg,0.5825,tiktok,0.0532
0,/Users/malcolm/dev/bossjones/pytorch-lab/scratch/datasets/twitter_facebook_tiktok/test/facebook/image00882.jpg,0.5749,twitter,0.0868
0,/Users/malcolm/dev/bossjones/pytorch-lab/scratch/datasets/twitter_facebook_tiktok/test/facebook/image00882.jpg,0.5749,twitter,0.0884
0,/Users/malcolm/dev/bossjones/pytorch-lab/scratch/datasets/twitter_facebook_tiktok/test/facebook/image00854.jpg,0.5599,tiktok,0.0833
0,/Users/malcolm/dev/bossjones/pytorch-lab/scratch/datasets/twitter_facebook_tiktok/test/facebook/image00854.jpg,0.5599,tiktok,0.0981
0,/Users/malcolm/dev/bossjones/pytorch-lab/scratch/datasets/twitter_facebook_tiktok/test/facebook/image00818.jpg,0.5467,tiktok,0.0917
0,/Users/malcolm/dev/bossjones/pytorch-lab/scratch/datasets/twitter_facebook_tiktok/test/facebook/image00818.jpg,0.5467,tiktok,0.0889
0,/Users/malcolm/dev/bossjones/pytorch-lab/scratch/datasets/twitter_facebook_tiktok/test/tiktok/image00285.jpg,0.5134,tiktok,0.0514
0,/Users/malcolm/dev/bossjones/pytorch-lab/scratch/datasets/twitter_facebook_tiktok/test/tiktok/image00285.jpg,0.5134,tiktok,0.0531
